[{"id":"6281241405996@s.whatsapp.net","name":"Araツ","age":"15","time":"02/03 12:06:25","serial":"4bd3695c4f457c0efc7a"},{"id":"6282349879912@s.whatsapp.net","name":"gusti","age":"15","time":"03/06 11:28:09","serial":"2848fea3fb7ab1c855b5"},{"id":"6285330203277@s.whatsapp.net","name":"Nelson","age":"20","time":"03/06 11:28:18","serial":"ae88e64f996f5f326c42"},{"id":"6285706666337@s.whatsapp.net","name":"daftar GUSTI","age":"18","time":"03/06 12:25:02","serial":"58d5def3cb5fbbb46b43"},{"id":"6288226703423@s.whatsapp.net","name":"asu","age":"16","time":"03/06 15:36:43","serial":"1c1c1170a121dfdbdc9c"}]